,Model,Accuracy without scaling (test set),Training time (sec),Precision,Recall,F1 score,F2 score,ROC-AUC score
0,SVM (Linear),0.9893719806763285,0.94,0.964968152866242,1.0,0.9821717990275526,0.992791612057667,0.9924863387978142
1,SVM (RBF),0.9893719806763285,298.52,0.964968152866242,1.0,0.9821717990275526,0.992791612057667,0.9924863387978142
2,Logistic Regr.,0.9884057971014493,10.75,0.9678456591639871,0.9933993399339934,0.9804560260586319,0.9881812212738018,0.9898690688741005
3,Random Forest,0.9855072463768116,25.4,0.9615384615384616,0.9900990099009901,0.975609756097561,0.9842519685039369,0.9868527836390196
4,KNN,0.9584541062801932,0.15,0.9850746268656716,0.8712871287128713,0.924693520140105,0.8918918918918919,0.9329113239192771
5,MultinomialNB,0.914975845410628,0.72,1.0,0.7095709570957096,0.8301158301158301,0.7533286615276805,0.8547854785478548
