,Model,Accuracy without scaling (test set),Training time (sec),Precision,Recall,F1 score,F2 score,ROC-AUC score
0,SVM (Linear),0.9893719806763285,1.37,0.964968152866242,1.0,0.9821717990275526,0.992791612057667,0.9924863387978142
1,SVM (RBF),0.9893719806763285,432.2,0.964968152866242,1.0,0.9821717990275526,0.992791612057667,0.9924863387978142
2,Random Forest,0.9758454106280193,78.34,0.9263803680981595,0.9966996699669967,0.9602543720190778,0.9817945383615084,0.9819563923605474
3,Logistic Regr.,0.9671497584541063,10.07,0.8991097922848664,1.0,0.946875,0.9780503550677858,0.9767759562841529
4,MultinomialNB,0.9652173913043478,1.02,0.9158878504672897,0.9702970297029703,0.9423076923076923,0.9589041095890409,0.9667058919006656
5,KNN,0.8019323671497585,0.22,0.5968379446640316,0.9966996699669967,0.7466007416563659,0.8789289871944121,0.8590055726884163
